username,homepage,stream
kaelakovalskia,https://www.youtube.com/@kaelakovalskia/live,
linustechtips,https://www.youtube.com/@linustechtips/live,https://www.youtube.com/watch?v=DzLdFmPncms
ninomaeinanis,https://www.youtube.com/@ninomaeinanis/live,
aleeex01,https://www.youtube.com/@aleeex01/live,https://www.youtube.com/watch?v=Qy9Cwl6oV8U
moricalliope,https://www.youtube.com/@moricalliope/live,https://www.youtube.com/watch?v=gNKYCKxuud4
penguinz0,https://www.youtube.com/@penguinz0/live,https://www.youtube.com/watch?v=7_gwqND6XOI
valkyrae,https://www.youtube.com/@valkyrae/live,https://www.youtube.com/watch?v=qE-HoTRPgfQ
ceresfauna,https://www.youtube.com/@ceresfauna/live,
ourokronii,https://www.youtube.com/@ourokronii/live,
irys,https://www.youtube.com/@irys/live,
